"MMSI","trip","otb1","otb2","ptm","tbb","ps","gaps","n_ping","start_month"
2,1,0,0,0,1,0,0.0956767879338618,236,6
2,2,0,0,0,1,0,0.221902489477834,401,6
2,4,0,0,0,1,0,0,241,6
2,5,0,0,0,1,0,0.0776244560025475,441,6
2,6,0,0,0,1,0,0,241,6
2,7,1,1,1,1,0,0.604376407851791,87,6
2,9,0,0,0,1,0,0.344847178112526,103,6
